l_edge,r_edge,n,fr,fr_std,mark
144946,145536,7,12.244897959183673,0.8561311236626791,eho
147261,147866,7,11.881188118811881,0.3985744381005177,eho
147894,148613,7,9.693053311793214,0.651398555171485,eho
151884,152475,6,10.183299389002036,0.4785186301332251,eho
152701,153169,5,10.869565217391305,0.7684126909975947,eho
153638,154135,3,5.037783375314861,0.1538535953274513,lco
154503,155358,4,3.9735099337748347,0.35046905784768156,delm
155423,156059,7,11.194029850746269,0.5039526562737744,eho
156214,156707,4,7.633587786259541,0.8003961609865979,eho
156514,156990,4,7.9787234042553195,1.2583483261014339,eho
157093,157657,3,4.310344827586206,0.19307938550485404,delm
158229,158768,6,11.389521640091116,0.6411255300962058,eho
158825,159991,13,11.25703564727955,0.42921200256753855,eho
160184,160738,3,4.405286343612334,0.11204375578598952,lco
160709,161465,4,4.573170731707317,0.10114388381553198,lco
161952,163271,13,9.844134536505333,0.8572970837345061,eho
164080,166247,6,2.4189646831156266,0.17620750000287339,delm
166724,168879,4,1.4598540145985401,0.0589517739481469,delm
169268,169726,2,2.793296089385475,0.0,delm
170691,172112,3,1.514004542013626,0.11050456115892696,delm
172501,173304,3,2.8449502133712663,0.10046786511437024,delm
173633,175510,4,1.6882386043894202,0.04211947247086916,delm
175828,176684,3,2.6455026455026456,0.0929359213863092,delm
178968,179994,3,2.159827213822894,0.0026932544779778153,delm
180232,180545,2,4.694835680751174,0.0,lco
181312,182297,5,4.519774011299435,0.3395273460130568,eho
186353,186958,2,1.9801980198019802,0.0,delm
194956,196535,4,2.028397565922921,0.09206202012399924,delm
204721,206197,3,1.4534883720930234,0.020735352251689293,delm
209001,210047,3,2.1141649048625792,0.05677272915970555,delm
213373,213839,4,8.19672131147541,0.819194712808917,eho
217319,217679,4,11.538461538461538,0.5862357165808982,eho
220723,221344,2,1.9193857965451055,0.0,delm
